Source,Target,Mechanism,CooccurrenceFrequency,CooccurrenceProbability,RelationType
BDeGP,mDeGP,mono,0,0.0,v_shape
BHEP,mHEP,mono,0,0.0,sequential
DMEP,mMEP,mono,11,0.137720232,sequential
MEEMP,mMP,mono,0,0.0,v_shape
MEEMP,mMOEP,mono,0,0.0,paternal
DMP,mMP,mono,262,0.245637412,v_shape
BEEEP,mBEEEP,mono,0,0.0,sequential
MeVP,mMP,mono,0,0.0,v_shape
MeVP,mVP,mono,0,0.0,v_shape
MeEP,mMP,mono,0,0.0,v_shape
MeEP,mEP,mono,0,0.0,v_shape
BDHPP,mBP,mono,0,0.0,v_shape
BDHPP,mHBP,w-1-OH,0,0.0,v_shape
BDHPP,m2HBP,mOH,0,0.0,v_shape
BDHPP,mCPP,w-ab,0,0.0,v_shape
BDHPP,mDHPP,mono,0,0.0,paternal
DEEP,mEEP,mono,0,0.0,paternal
DEEP,mDeGP,w-OH,0,0.0,v_shape
DVP,mVP,mono,0,0.0,v_shape
DEP,mEP,mono,591,0.37953843,v_shape
EVP,mVP,mono,0,0.0,v_shape
EVP,mEP,mono,0,0.0,v_shape
BMOPP,mMOPP,mono,0,0.0,sequential
DiPrP,miPrP,mono,4,0.16775414,sequential
EiBP,mEP,mono,0,0.0,v_shape
EiBP,miBP,mono,0,0.0,v_shape
EiBP,m3HIBP,w-OH,0,0.0,v_shape
EiBP,mHIBP,w-1-OH,0,0.0,v_shape
DAlP,mAlP,mono,0,0.0,sequential
BMP,mMP,mono,0,0.0,v_shape
BMP,mBP,mono,0,0.0,v_shape
BMP,mHBP,w-1-OH,0,0.0,v_shape
BMP,m2HBP,mOH,0,0.0,v_shape
BMP,mCPP,w-ab,0,0.0,v_shape
DtBP,mtBP,mono,0,0.0,sequential
BEP,mEP,mono,0,0.0,v_shape
BEP,mBP,mono,0,0.0,v_shape
BEP,mHBP,w-1-OH,0,0.0,v_shape
BEP,m2HBP,mOH,0,0.0,v_shape
BEP,mCPP,w-ab,0,0.0,v_shape
DsBP,msBP,mono,0,0.0,v_shape
DsBP,msHBP,mOH,0,0.0,v_shape
DPrP,mPrP,mono,12,0.125425376,sequential
DiBP,miBP,mono,334,0.352029809,v_shape
DiBP,m3HIBP,w-OH,0,0.0,v_shape
DiBP,mHIBP,w-1-OH,1,0.012753192,v_shape
DCPP,mCOPP,mono,0,0.0,sequential
BBEEP,mBEEP,mono,0,0.0,sequential
MeEHP,mMP,mono,0,0.0,v_shape
MeEHP,mEHP,mono,0,0.0,v_shape
MeEHP,mEHHP,w-1-OH,0,0.0,v_shape
MeEHP,mEOHP,w-1-oxo,0,0.0,v_shape
MeEHP,mECPP,w-COOH,0,0.0,v_shape
MeEHP,mCMHP,w-COOH-br,0,0.0,v_shape
MeEHP,mCPP,w-ab,0,0.0,v_shape
DBEP,mBEP,mono,0,0.0,v_shape
DPhP,mPhP,mono,1,0.050986794,sequential
HMP,mMP,mono,0,0.0,v_shape
HMP,mHP,mono,0,0.0,v_shape
HMP,mHHP,w-1-OH,0,0.0,v_shape
HMP,mOHP,w-1-oxo,0,0.0,v_shape
HMP,m5CPP,w-COOH,0,0.0,v_shape
HMP,mCPP,w-ab,0,0.0,v_shape
DBP,mBP,mono,897,0.4199294,v_shape
DBP,mHBP,w-1-OH,14,0.011794434,v_shape
DBP,m2HBP,mOH,3,0.00671008,v_shape
DBP,mCPP,w-ab,221,0.107472733,v_shape
CiBP,mCHP,mono,0,0.0,v_shape
CiBP,miBP,mono,0,0.0,v_shape
CiBP,m3HIBP,w-OH,0,0.0,v_shape
CiBP,mHIBP,w-1-OH,0,0.0,v_shape
BuEBP,mBEP,mono,0,0.0,v_shape
BuEBP,mBP,mono,0,0.0,v_shape
BuEBP,mHBP,w-1-OH,0,0.0,v_shape
BuEBP,m2HBP,mOH,0,0.0,v_shape
BuEBP,mCPP,w-ab,0,0.0,v_shape
BsBP,mBP,mono,0,0.0,v_shape
BsBP,mHBP,w-1-OH,0,0.0,v_shape
BsBP,m2HBP,mOH,0,0.0,v_shape
BsBP,mCPP,w-ab,0,0.0,v_shape
BsBP,msBP,mono,0,0.0,v_shape
BsBP,msHBP,mOH,0,0.0,v_shape
BiBP,mBP,mono,1,0.197122172,v_shape
BiBP,mHBP,w-1-OH,0,0.0,v_shape
BiBP,m2HBP,mOH,0,0.0,v_shape
BiBP,mCPP,w-ab,0,0.0,v_shape
BiBP,miBP,mono,1,0.197122172,v_shape
BiBP,m3HIBP,w-OH,0,0.0,v_shape
BiBP,mHIBP,w-1-OH,0,0.0,v_shape
BBzP,mBzP,mono,463,0.355576814,v_shape
BBzP,mBP,mono,547,0.418521737,v_shape
BBzP,mHBP,w-1-OH,14,0.019121212,v_shape
BBzP,m2HBP,mOH,3,0.010878425,v_shape
BBzP,mCPP,w-ab,134,0.109042531,v_shape
DCHP,mCHP,mono,69,0.217908682,v_shape
DBzP,mBzP,mono,252,0.395374731,v_shape
BCHP,mBP,mono,0,0.0,v_shape
BCHP,mHBP,w-1-OH,0,0.0,v_shape
BCHP,m2HBP,mOH,0,0.0,v_shape
BCHP,mCPP,w-ab,0,0.0,v_shape
BCHP,mCHP,mono,0,0.0,v_shape
BEBP,mEBP,mono,0,0.0,paternal
BEBP,mHEBP,w-1-OH,0,0.0,paternal
BEBP,mOEBP,w-1-oxo,0,0.0,paternal
BEBP,mCEPP,w-COOH,0,0.0,paternal
BEBP,mCPP,w-ab,0,0.0,v_shape
BMPP,mMPP,mono,0,0.0,paternal
BMPP,mHMPP,w-1-OH,0,0.0,paternal
BMPP,mOMPP,w-1-oxo,0,0.0,paternal
BMPP,40CMP,w-COOH,0,0.0,paternal
BMPP,mCPP,w-ab,0,0.0,v_shape
MeOP,mMP,mono,0,0.0,v_shape
MeOP,mOP,mono,0,0.0,v_shape
MeOP,mHOP,w-1-OH,0,0.0,v_shape
MeOP,mOOP,w-1-oxo,0,0.0,v_shape
MeOP,mCHpP,w-COOH,0,0.0,v_shape
MeOP,mCPP,w-ab,0,0.0,v_shape
DiPP,miPP,mono,3,0.140263361,paternal
DiPP,m3HPP,w-1-OH,1,0.12093969,paternal
DiPP,m4HPeP,w-OH,1,0.12093969,paternal
DiPP,42CMP,w-COOH,0,0.0,paternal
DiPP,mCPP,w-ab,3,0.140263361,v_shape
BEHP,mBP,mono,0,0.0,v_shape
BEHP,mHBP,w-1-OH,0,0.0,v_shape
BEHP,m2HBP,mOH,0,0.0,v_shape
BEHP,mEHP,mono,0,0.0,v_shape
BEHP,mEHHP,w-1-OH,0,0.0,v_shape
BEHP,mEOHP,w-1-oxo,0,0.0,v_shape
BEHP,mECPP,w-COOH,0,0.0,v_shape
BEHP,mCMHP,w-COOH-br,0,0.0,v_shape
BEHP,mCPP,w-ab,0,0.0,v_shape
BMePP,mMePP,mono,0,0.0,paternal
BMePP,mHMePP,w-1-OH,0,0.0,paternal
BMePP,mOMePP,w-1-oxo,0,0.0,paternal
BMePP,44CMP,w-COOH,0,0.0,paternal
BMePP,mCPP,w-ab,0,0.0,v_shape
BEBuP,mEBuP,mono,0,0.0,paternal
BEBuP,mHEBuP,w-1-OH,0,0.0,paternal
BEBuP,mOEBuP,w-1-oxo,0,0.0,paternal
BEBuP,45CMP,w-COOH,0,0.0,paternal
BEBuP,mCPP,w-ab,0,0.0,v_shape
BHP,mBP,mono,0,0.0,v_shape
BHP,m2HBP,mOH,0,0.0,v_shape
BHP,mHBP,w-1-OH,0,0.0,v_shape
BHP,mHP,mono,0,0.0,v_shape
BHP,mHHP,w-1-OH,0,0.0,v_shape
BHP,mOHP,w-1-oxo,0,0.0,v_shape
BHP,m5CPP,w-COOH,0,0.0,v_shape
BHP,mCPP,w-ab,0,0.0,v_shape
DPP,mPP,mono,41,0.137300021,v_shape
DPP,m4HPP,w-1-OH,6,0.045796753,v_shape
DPP,m4OPP,w-1-oxo,0,0.0,v_shape
DPP,mCBP,w-COOH,1,0.032724857,v_shape
DPP,mCPP,w-ab,26,0.098084334,v_shape
DHeP,mHexP,mono,0,0.0,sequential
B2MePP,m2MePP,mono,0,0.0,paternal
B2MePP,mH2MePP,w-1-OH,0,0.0,paternal
B2MePP,mO2MePP,w-1-oxo,0,0.0,paternal
B2MePP,49CMP,w-COOH,0,0.0,paternal
B2MePP,mCPP,w-ab,0,0.0,v_shape
DiHP,miHP,mono,0,0.0,paternal
DiHP,miHHP,w-1-OH,0,0.0,paternal
DiHP,50CMP,w-COOH,0,0.0,paternal
B3MePP,m3MePP,mono,0,0.0,paternal
B3MePP,mH3MePP,w-1-OH,0,0.0,paternal
B3MePP,mO3MePP,w-1-oxo,0,0.0,paternal
B3MePP,51CMP,w-COOH,0,0.0,paternal
B3MePP,mCPP,w-ab,0,0.0,v_shape
HEHP,mHP,mono,0,0.0,v_shape
HEHP,mHHP,w-1-OH,0,0.0,v_shape
HEHP,mOHP,w-1-oxo,0,0.0,v_shape
HEHP,m5CPP,w-COOH,0,0.0,v_shape
HEHP,mCPP,w-ab,0,0.0,v_shape
HEHP,mEHP,mono,0,0.0,v_shape
HEHP,mEHHP,w-1-OH,0,0.0,v_shape
HEHP,mEOHP,w-1-oxo,0,0.0,v_shape
HEHP,mECPP,w-COOH,0,0.0,v_shape
HEHP,mCMHP,w-COOH-br,0,0.0,v_shape
BuMHP,mBP,mono,0,0.0,v_shape
BuMHP,m2HBP,mOH,0,0.0,v_shape
BuMHP,mHBP,w-1-OH,0,0.0,v_shape
BuMHP,mMHP,mono,0,0.0,v_shape
BuMHP,mHMHP,w-1-OH,0,0.0,v_shape
BuMHP,mOMHP,w-1-oxo,0,0.0,v_shape
BuMHP,66CMP,w-COOH,0,0.0,v_shape
BuMHP,mCPP,w-ab,0,0.0,v_shape
BPhPP,mPhPP,mono,0,0.0,sequential
BOP,mBP,mono,0,0.0,v_shape
BOP,m2HBP,mOH,0,0.0,v_shape
BOP,mHBP,w-1-OH,0,0.0,v_shape
BOP,mOP,mono,0,0.0,v_shape
BOP,mHOP,w-1-OH,0,0.0,v_shape
BOP,mOOP,w-1-oxo,0,0.0,v_shape
BOP,mCHpP,w-COOH,0,0.0,v_shape
BOP,mCPP,w-ab,0,0.0,v_shape
DHP,mHP,mono,18,0.104485869,v_shape
DHP,mHHP,w-1-OH,0,0.0,v_shape
DHP,mOHP,w-1-oxo,0,0.0,v_shape
DHP,m5CPP,w-COOH,0,0.0,v_shape
DHP,mCPP,w-ab,15,0.0938664,v_shape
DEMPP,mEMPP,mono,0,0.0,paternal
DEMPP,mHEMPP,w-1-OH,0,0.0,paternal
DEMPP,mOEMPP,w-1-oxo,0,0.0,paternal
DEMPP,57CMP,w-COOH,0,0.0,paternal
DEMPP,mCPP,w-ab,0,0.0,v_shape
BeOP,mBzP,mono,0,0.0,v_shape
BeOP,mOP,mono,0,0.0,v_shape
BeOP,mHOP,w-1-OH,0,0.0,v_shape
BeOP,mOOP,w-1-oxo,0,0.0,v_shape
BeOP,mCHpP,w-COOH,0,0.0,v_shape
BeOP,mCPP,w-ab,0,0.0,v_shape
CiOP,mCHP,mono,0,0.0,v_shape
CiOP,miOP,mono,0,0.0,v_shape
CiOP,mHiOP,w-1-OH,0,0.0,v_shape
CiOP,71CMP,w-COOH,0,0.0,v_shape
CiOP,mCPP,w-ab,0,0.0,v_shape
BNP,mBP,mono,0,0.0,v_shape
BNP,m2HBP,mOH,0,0.0,v_shape
BNP,mHBP,w-1-OH,0,0.0,v_shape
BNP,mNP,mono,0,0.0,v_shape
BNP,mHNP,w-1-OH,0,0.0,v_shape
BNP,mONP,w-1-oxo,0,0.0,v_shape
BNP,m8COP,w-COOH,0,0.0,v_shape
BNP,mCPP,w-ab,0,0.0,v_shape
DiHpP,miHpP,mono,0,0.0,paternal
DiHpP,mHiHpP,w-1-OH,0,0.0,paternal
DiHpP,61CMP,w-COOH,0,0.0,paternal
DiHpP,mCPP,w-ab,9,0.157220367,v_shape
DPrPP,mPrPP,mono,0,0.0,paternal
DPrPP,mHPrPP,w-1-OH,0,0.0,paternal
DPrPP,mOPrPP,w-1-oxo,0,0.0,paternal
DPrPP,62CMP,w-COOH,0,0.0,paternal
DPrPP,mCPP,w-ab,0,0.0,v_shape
DEHP,mEHP,mono,1417,0.529767201,v_shape
DEHP,mEHHP,w-1-OH,637,0.240503341,v_shape
DEHP,mEOHP,w-1-oxo,666,0.251258023,v_shape
DEHP,mECPP,w-COOH,490,0.185988228,v_shape
DEHP,mCMHP,w-COOH-br,144,0.057673747,v_shape
DEHP,mCPP,w-ab,261,0.101063326,v_shape
BMNP,mBP,mono,0,0.0,v_shape
BMNP,m2HBP,mOH,0,0.0,v_shape
BMNP,mHBP,w-1-OH,0,0.0,v_shape
BMNP,miDP,mono,0,0.0,v_shape
BMNP,mHiDP,w-1-OH,0,0.0,v_shape
BMNP,mCiNP,w-COOH,0,0.0,v_shape
BMNP,mCPP,w-ab,0,0.0,v_shape
HiOP,mHP,mono,0,0.0,v_shape
HiOP,mHHP,w-1-OH,0,0.0,v_shape
HiOP,mOHP,w-1-oxo,0,0.0,v_shape
HiOP,m5CPP,w-COOH,0,0.0,v_shape
HiOP,mCPP,w-ab,0,0.0,v_shape
HiOP,miOP,mono,0,0.0,v_shape
HiOP,mHiOP,w-1-OH,0,0.0,v_shape
HiOP,71CMP,w-COOH,0,0.0,v_shape
DHpP,mHpP,mono,9,0.157220367,v_shape
DHpP,mHHpP,w-1-OH,0,0.0,v_shape
DHpP,mOHpP,w-1-oxo,0,0.0,v_shape
DHpP,mCHxP,w-COOH,0,0.0,v_shape
DHpP,mCPP,w-ab,8,0.149557532,v_shape
BMHP,mMHP,mono,0,0.0,v_shape
BMHP,mHMHP,w-1-OH,0,0.0,v_shape
BMHP,mOMHP,w-1-oxo,0,0.0,v_shape
BMHP,66CMP,w-COOH,0,0.0,v_shape
BMHP,mCPP,w-ab,0,0.0,v_shape
MNPMP,miDP,mono,0,0.0,v_shape
MNPMP,mHiDP,w-1-OH,0,0.0,v_shape
MNPMP,mCiNP,w-COOH,0,0.0,v_shape
MNPMP,mCPP,w-ab,0,0.0,v_shape
MNPMP,mBzP,mono,0,0.0,v_shape
BDP,mBP,mono,0,0.0,v_shape
BDP,m2HBP,mOH,0,0.0,v_shape
BDP,mHBP,w-1-OH,0,0.0,v_shape
BDP,mDP,mono,0,0.0,v_shape
BDP,m9PHHP,w-1-OH,0,0.0,v_shape
BDP,m9POHP,w-1-oxo,0,0.0,v_shape
BDP,mPHHP,mOH,0,0.0,v_shape
BDP,m1POHP,moxo,0,0.0,v_shape
BDP,mCNP,w-COOH,0,0.0,v_shape
BDP,mCPP,w-ab,0,0.0,v_shape
NPP,mNP,mono,0,0.0,v_shape
NPP,mHNP,w-1-OH,0,0.0,v_shape
NPP,mONP,w-1-oxo,0,0.0,v_shape
NPP,m8COP,w-COOH,0,0.0,v_shape
NPP,mCPP,w-ab,0,0.0,v_shape
NPP,mPP,mono,0,0.0,v_shape
NPP,m4HPP,w-1-OH,0,0.0,v_shape
NPP,m4OPP,w-1-oxo,0,0.0,v_shape
NPP,mCBP,w-COOH,0,0.0,v_shape
DiOP,miOP,mono,0,0.0,v_shape
DiOP,mHiOP,w-1-OH,0,0.0,v_shape
DiOP,71CMP,w-COOH,0,0.0,v_shape
DiOP,mCPP,w-ab,5,0.16114398,v_shape
EHiDP,mEHP,mono,0,0.0,v_shape
EHiDP,mEHHP,w-1-OH,0,0.0,v_shape
EHiDP,mEOHP,w-1-oxo,0,0.0,v_shape
EHiDP,mECPP,w-COOH,0,0.0,v_shape
EHiDP,mCMHP,w-COOH-br,0,0.0,v_shape
EHiDP,mCPP,w-ab,0,0.0,v_shape
EHiDP,miDP,mono,0,0.0,v_shape
EHiDP,mHiDP,w-1-OH,0,0.0,v_shape
EHiDP,mCiNP,w-COOH,0,0.0,v_shape
HiDP,mHP,mono,0,0.0,v_shape
HiDP,mHHP,w-1-OH,0,0.0,v_shape
HiDP,mOHP,w-1-oxo,0,0.0,v_shape
HiDP,m5CPP,w-COOH,0,0.0,v_shape
HiDP,mCPP,w-ab,0,0.0,v_shape
HiDP,miDP,mono,0,0.0,v_shape
HiDP,mHiDP,w-1-OH,0,0.0,v_shape
HiDP,mCiNP,w-COOH,0,0.0,v_shape
iNiOP,miNP,mono,0,0.0,v_shape
iNiOP,mHiNP,w-1-OH,0,0.0,v_shape
iNiOP,mCiOP,w-COOH,0,0.0,v_shape
iNiOP,mCPP,w-ab,0,0.0,v_shape
iNiOP,miOP,mono,0,0.0,v_shape
iNiOP,mHiOP,w-1-OH,0,0.0,v_shape
iNiOP,71CMP,w-COOH,0,0.0,v_shape
DPrHP,mPrHP,mono,39,0.42273856,paternal
DPrHP,mHPrHP,w-1-OH,5,0.138219731,paternal
DPrHP,mPOHP,w-1-oxo,7,0.154956133,paternal
DPrHP,mPCHP,w-COOH,3,0.12148333,paternal
DPrHP,mCPP,w-ab,22,0.280479146,v_shape
HNP,mHpP,mono,0,0.0,v_shape
HNP,mHHpP,w-1-OH,0,0.0,v_shape
HNP,mOHpP,w-1-oxo,0,0.0,v_shape
HNP,mCHxP,w-COOH,0,0.0,v_shape
HNP,mCPP,w-ab,0,0.0,v_shape
HNP,mNP,mono,0,0.0,v_shape
HNP,mHNP,w-1-OH,0,0.0,v_shape
HNP,mONP,w-1-oxo,0,0.0,v_shape
HNP,m8COP,w-COOH,0,0.0,v_shape
DOP,mOP,mono,144,0.172893005,v_shape
DOP,mHOP,w-1-OH,0,0.0,v_shape
DOP,mOOP,w-1-oxo,0,0.0,v_shape
DOP,mCHpP,w-COOH,5,0.01836271,v_shape
DOP,mCPP,w-ab,135,0.162887446,v_shape
HDP,mHP,mono,0,0.0,v_shape
HDP,mHHP,w-1-OH,0,0.0,v_shape
HDP,mOHP,w-1-oxo,0,0.0,v_shape
HDP,m5CPP,w-COOH,0,0.0,v_shape
HDP,mCPP,w-ab,0,0.0,v_shape
HDP,mDP,mono,0,0.0,v_shape
HDP,m9PHHP,w-1-OH,0,0.0,v_shape
HDP,m9POHP,w-1-oxo,0,0.0,v_shape
HDP,mPHHP,mOH,0,0.0,v_shape
HDP,m1POHP,moxo,0,0.0,v_shape
HDP,mCNP,w-COOH,0,0.0,v_shape
BCHPP,mCHxPP,mono,0,0.0,sequential
iONP,miOP,mono,0,0.0,v_shape
iONP,mHiOP,w-1-OH,0,0.0,v_shape
iONP,71CMP,w-COOH,0,0.0,v_shape
iONP,mCPP,w-ab,0,0.0,v_shape
iONP,mNP,mono,0,0.0,v_shape
iONP,mHNP,w-1-OH,0,0.0,v_shape
iONP,mONP,w-1-oxo,0,0.0,v_shape
iONP,m8COP,w-COOH,0,0.0,v_shape
iDiOP,miDP,mono,0,0.0,v_shape
iDiOP,mHiDP,w-1-OH,0,0.0,v_shape
iDiOP,mCiNP,w-COOH,0,0.0,v_shape
iDiOP,mCPP,w-ab,0,0.0,v_shape
iDiOP,miOP,mono,0,0.0,v_shape
iDiOP,mHiOP,w-1-OH,0,0.0,v_shape
iDiOP,71CMP,w-COOH,0,0.0,v_shape
BMOP,mMOP,mono,0,0.0,paternal
BMOP,mHMOP,w-1-OH,0,0.0,paternal
BMOP,mOMOP,w-1-oxo,0,0.0,paternal
BMOP,81CMP,w-COOH,0,0.0,paternal
BMOP,mCPP,w-ab,0,0.0,v_shape
B4MOP,m4MOP,mono,0,0.0,paternal
B4MOP,mH4MOP,w-1-OH,0,0.0,paternal
B4MOP,mO4MOP,w-1-oxo,0,0.0,paternal
B4MOP,mCMEHP,w-COOH,0,0.0,paternal
B4MOP,mCPP,w-ab,0,0.0,v_shape
DiNP,miNP,mono,265,0.245683925,v_shape
DiNP,mHiNP,mOH,55,0.059100185,v_shape
DiNP,mCiOP,w-COOH,52,0.056434703,v_shape
DiNP,mCPP,w-ab,148,0.141730127,v_shape
iDOP,miDP,mono,0,0.0,v_shape
iDOP,mHiDP,w-1-OH,0,0.0,v_shape
iDOP,mCiNP,w-COOH,0,0.0,v_shape
iDOP,mCPP,w-ab,0,0.0,v_shape
iDOP,mOP,mono,0,0.0,v_shape
iDOP,mHOP,w-1-OH,0,0.0,v_shape
iDOP,mOOP,w-1-oxo,0,0.0,v_shape
iDOP,mCHpP,w-COOH,0,0.0,v_shape
DeiOP,mDP,mono,0,0.0,v_shape
DeiOP,m9PHHP,w-1-OH,0,0.0,v_shape
DeiOP,m9POHP,w-1-oxo,0,0.0,v_shape
DeiOP,mPHHP,mOH,0,0.0,v_shape
DeiOP,m1POHP,moxo,0,0.0,v_shape
DeiOP,mCNP,w-COOH,0,0.0,v_shape
DeiOP,mCPP,w-ab,0,0.0,v_shape
DeiOP,miOP,mono,0,0.0,v_shape
DeiOP,mHiOP,w-1-OH,0,0.0,v_shape
DeiOP,71CMP,w-COOH,0,0.0,v_shape
iNNP,miNP,mono,0,0.0,v_shape
iNNP,mHiNP,w-1-OH,0,0.0,v_shape
iNNP,mCiOP,w-COOH,0,0.0,v_shape
iNNP,mCPP,w-ab,0,0.0,v_shape
iNNP,mNP,mono,0,0.0,v_shape
iNNP,mHNP,w-1-OH,0,0.0,v_shape
iNNP,mONP,w-1-oxo,0,0.0,v_shape
iNNP,m8COP,w-COOH,0,0.0,v_shape
ODP,mOP,mono,0,0.0,v_shape
ODP,mHOP,w-1-OH,0,0.0,v_shape
ODP,mOOP,w-1-oxo,0,0.0,v_shape
ODP,mCHpP,w-COOH,0,0.0,v_shape
ODP,mCPP,w-ab,0,0.0,v_shape
ODP,mDP,mono,0,0.0,v_shape
ODP,m9PHHP,w-1-OH,0,0.0,v_shape
ODP,m9POHP,w-1-oxo,0,0.0,v_shape
ODP,mPHHP,mOH,0,0.0,v_shape
ODP,m1POHP,moxo,0,0.0,v_shape
ODP,mCNP,w-COOH,0,0.0,v_shape
HUP,mHpP,mono,0,0.0,v_shape
HUP,mHHpP,w-1-OH,0,0.0,v_shape
HUP,mOHpP,w-1-oxo,0,0.0,v_shape
HUP,mCHxP,w-COOH,0,0.0,v_shape
HUP,mCPP,w-ab,0,0.0,v_shape
HUP,mUP,mono,0,0.0,v_shape
HUP,mHUP,w-1-OH,0,0.0,v_shape
HUP,mOUP,w-1-oxo,0,0.0,v_shape
HUP,mCDP,w-COOH,0,0.0,v_shape
DNP,mNP,mono,3,0.072405276,v_shape
DNP,mHNP,w-1-OH,0,0.0,v_shape
DNP,mONP,w-1-oxo,0,0.0,v_shape
DNP,m8COP,w-COOH,0,0.0,v_shape
DNP,mCPP,w-ab,13,0.122280588,v_shape
iDiNP,miDP,mono,0,0.0,v_shape
iDiNP,mHiDP,w-1-OH,0,0.0,v_shape
iDiNP,mCiNP,w-COOH,0,0.0,v_shape
iDiNP,mCPP,w-ab,0,0.0,v_shape
iDiNP,miNP,mono,0,0.0,v_shape
iDiNP,mHiNP,w-1-OH,0,0.0,v_shape
iDiNP,mCiOP,w-COOH,0,0.0,v_shape
iOiUP,miOP,mono,0,0.0,v_shape
iOiUP,mHiOP,w-1-OH,0,0.0,v_shape
iOiUP,71CMP,w-COOH,0,0.0,v_shape
iOiUP,mCPP,w-ab,0,0.0,v_shape
iOiUP,miUP,mono,0,0.0,v_shape
iOiUP,mHiUP,w-1-OH,0,0.0,v_shape
iOiUP,109CMP,w-COOH,0,0.0,v_shape
DDcP,mDcP,mono,0,0.0,sequential
iOUP,miOP,mono,0,0.0,v_shape
iOUP,mHiOP,w-1-OH,0,0.0,v_shape
iOUP,71CMP,w-COOH,0,0.0,v_shape
iOUP,mCPP,w-ab,0,0.0,v_shape
iOUP,mUP,mono,0,0.0,v_shape
iOUP,mHUP,w-1-OH,0,0.0,v_shape
iOUP,mOUP,w-1-oxo,0,0.0,v_shape
iOUP,mCDP,w-COOH,0,0.0,v_shape
DeiNP,mDP,mono,0,0.0,v_shape
DeiNP,m9PHHP,w-1-OH,0,0.0,v_shape
DeiNP,m9POHP,w-1-oxo,0,0.0,v_shape
DeiNP,mPHHP,mOH,0,0.0,v_shape
DeiNP,m1POHP,moxo,0,0.0,v_shape
DeiNP,mCNP,w-COOH,0,0.0,v_shape
DeiNP,mCPP,w-ab,0,0.0,v_shape
DeiNP,miUP,mono,0,0.0,v_shape
DeiNP,mHiUP,w-1-OH,0,0.0,v_shape
DeiNP,109CMP,w-COOH,0,0.0,v_shape
HiTP,mHP,mono,0,0.0,v_shape
HiTP,mHHP,w-1-OH,0,0.0,v_shape
HiTP,mOHP,w-1-oxo,0,0.0,v_shape
HiTP,m5CPP,w-COOH,0,0.0,v_shape
HiTP,mCPP,w-ab,0,0.0,v_shape
HiTP,miTP,mono,0,0.0,v_shape
HiTP,mHiTP,w-1-OH,0,0.0,v_shape
HiTP,121CMP,w-COOH,0,0.0,v_shape
iDNP,miDP,mono,0,0.0,v_shape
iDNP,mHiDP,w-1-OH,0,0.0,v_shape
iDNP,mCiNP,w-COOH,0,0.0,v_shape
iDNP,mCPP,w-ab,0,0.0,v_shape
iDNP,mNP,mono,0,0.0,v_shape
iDNP,mHNP,w-1-OH,0,0.0,v_shape
iDNP,mONP,w-1-oxo,0,0.0,v_shape
iDNP,m8COP,w-COOH,0,0.0,v_shape
iNiUP,miNP,mono,0,0.0,v_shape
iNiUP,mHiNP,w-1-OH,0,0.0,v_shape
iNiUP,mCiOP,w-COOH,0,0.0,v_shape
iNiUP,mCPP,w-ab,0,0.0,v_shape
iNiUP,miUP,mono,0,0.0,v_shape
iNiUP,mHiUP,w-1-OH,0,0.0,v_shape
iNiUP,109CMP,w-COOH,0,0.0,v_shape
DiDP,miDP,mono,59,0.126036207,v_shape
DiDP,mHiDP,w-1-OH,0,0.0,v_shape
DiDP,mCiNP,w-COOH,0,0.0,v_shape
DiDP,mCPP,w-ab,86,0.17429358,v_shape
DeNP,mDP,mono,0,0.0,v_shape
DeNP,m9PHHP,w-1-OH,0,0.0,v_shape
DeNP,m9POHP,w-1-oxo,0,0.0,v_shape
DeNP,mPHHP,mOH,0,0.0,v_shape
DeNP,m1POHP,moxo,0,0.0,v_shape
DeNP,mCNP,w-COOH,0,0.0,v_shape
DeNP,mCPP,w-ab,0,0.0,v_shape
DeNP,mNP,mono,0,0.0,v_shape
DeNP,mHNP,w-1-OH,0,0.0,v_shape
DeNP,mONP,w-1-oxo,0,0.0,v_shape
DeNP,m8COP,w-COOH,0,0.0,v_shape
iNUP,miNP,mono,0,0.0,v_shape
iNUP,mHiNP,w-1-OH,0,0.0,v_shape
iNUP,mCiOP,w-COOH,0,0.0,v_shape
iNUP,mCPP,w-ab,0,0.0,v_shape
iNUP,mUP,mono,0,0.0,v_shape
iNUP,mHUP,w-1-OH,0,0.0,v_shape
iNUP,mOUP,w-1-oxo,0,0.0,v_shape
iNUP,mCDP,w-COOH,0,0.0,v_shape
iUNP,miUP,mono,0,0.0,v_shape
iUNP,mHiUP,w-1-OH,0,0.0,v_shape
iUNP,109CMP,w-COOH,0,0.0,v_shape
iUNP,mCPP,w-ab,0,0.0,v_shape
iUNP,mNP,mono,0,0.0,v_shape
iUNP,mHNP,w-1-OH,0,0.0,v_shape
iUNP,mONP,w-1-oxo,0,0.0,v_shape
iUNP,m8COP,w-COOH,0,0.0,v_shape
NUP,mNP,mono,0,0.0,v_shape
NUP,mHNP,w-1-OH,0,0.0,v_shape
NUP,mONP,w-1-oxo,0,0.0,v_shape
NUP,m8COP,w-COOH,0,0.0,v_shape
NUP,mCPP,w-ab,0,0.0,v_shape
NUP,mUP,mono,0,0.0,v_shape
NUP,mHUP,w-1-OH,0,0.0,v_shape
NUP,mOUP,w-1-oxo,0,0.0,v_shape
NUP,mCDP,w-COOH,0,0.0,v_shape
DDP,mDP,mono,0,0.0,v_shape
DDP,m9PHHP,w-1-OH,0,0.0,v_shape
DDP,m9POHP,w-1-oxo,0,0.0,v_shape
DDP,mPHHP,mOH,0,0.0,v_shape
DDP,m1POHP,moxo,0,0.0,v_shape
DDP,mCNP,w-COOH,0,0.0,v_shape
DDP,mCPP,w-ab,4,0.154400576,v_shape
DeiUP,mDP,mono,0,0.0,v_shape
DeiUP,m9PHHP,w-1-OH,0,0.0,v_shape
DeiUP,m9POHP,w-1-oxo,0,0.0,v_shape
DeiUP,mPHHP,mOH,0,0.0,v_shape
DeiUP,m1POHP,moxo,0,0.0,v_shape
DeiUP,mCNP,w-COOH,0,0.0,v_shape
DeiUP,mCPP,w-ab,0,0.0,v_shape
DeiUP,miUP,mono,0,0.0,v_shape
DeiUP,mHiUP,w-1-OH,0,0.0,v_shape
DeiUP,109CMP,w-COOH,0,0.0,v_shape
iDUP,miDP,mono,0,0.0,v_shape
iDUP,mHiDP,w-1-OH,0,0.0,v_shape
iDUP,mCiNP,w-COOH,0,0.0,v_shape
iDUP,mCPP,w-ab,0,0.0,v_shape
iDUP,mUP,mono,0,0.0,v_shape
iDUP,mHUP,w-1-OH,0,0.0,v_shape
iDUP,mOUP,w-1-oxo,0,0.0,v_shape
iDUP,mCDP,w-COOH,0,0.0,v_shape
NTP,mNP,mono,0,0.0,v_shape
NTP,mHNP,w-1-OH,0,0.0,v_shape
NTP,mONP,w-1-oxo,0,0.0,v_shape
NTP,m8COP,w-COOH,0,0.0,v_shape
NTP,mCPP,w-ab,0,0.0,v_shape
NTP,mTDP,mono,0,0.0,paternal
NTP,mHTDP,w-1-OH,0,0.0,paternal
NTP,mOTDP,w-1-oxo,0,0.0,paternal
NTP,107CMP,w-COOH,0,0.0,paternal
iNiTP,miNP,mono,0,0.0,v_shape
iNiTP,mHiNP,w-1-OH,0,0.0,v_shape
iNiTP,mCiOP,w-COOH,0,0.0,v_shape
iNiTP,mCPP,w-ab,0,0.0,v_shape
iNiTP,miTP,mono,0,0.0,v_shape
iNiTP,mHiTP,w-1-OH,0,0.0,v_shape
iNiTP,121CMP,w-COOH,0,0.0,v_shape
DiUP,miUP,mono,0,0.0,v_shape
DiUP,mHiUP,w-1-OH,0,0.0,v_shape
DiUP,109CMP,w-COOH,0,0.0,v_shape
DiUP,mCPP,w-ab,1,0.188229442,v_shape
DeUP,mDP,mono,0,0.0,v_shape
DeUP,m9PHHP,w-1-OH,0,0.0,v_shape
DeUP,m9POHP,w-1-oxo,0,0.0,v_shape
DeUP,mPHHP,mOH,0,0.0,v_shape
DeUP,m1POHP,moxo,0,0.0,v_shape
DeUP,mCNP,w-COOH,0,0.0,v_shape
DeUP,mCPP,w-ab,0,0.0,v_shape
DeUP,mUP,mono,0,0.0,v_shape
DeUP,mHUP,w-1-OH,0,0.0,v_shape
DeUP,mOUP,w-1-oxo,0,0.0,v_shape
DeUP,mCDP,w-COOH,0,0.0,v_shape
BTNP,mTNP,mono,0,0.0,paternal
BTNP,mHTNP,w-1-OH,0,0.0,paternal
BTNP,111CMP,w-COOH,0,0.0,paternal
BTNP,mCPP,w-ab,0,0.0,v_shape
iUUP,miUP,mono,0,0.0,v_shape
iUUP,mHiUP,w-1-OH,0,0.0,v_shape
iUUP,109CMP,w-COOH,0,0.0,v_shape
iUUP,mCPP,w-ab,0,0.0,v_shape
iUUP,mUP,mono,0,0.0,v_shape
iUUP,mHUP,w-1-OH,0,0.0,v_shape
iUUP,mOUP,w-1-oxo,0,0.0,v_shape
iUUP,mCDP,w-ab,0,0.0,v_shape
iTNP,miTP,mono,0,0.0,v_shape
iTNP,mHiTP,w-1-OH,0,0.0,v_shape
iTNP,121CMP,w-COOH,0,0.0,v_shape
iTNP,mCPP,w-ab,0,0.0,v_shape
iTNP,mNP,mono,0,0.0,v_shape
iTNP,mHNP,w-1-OH,0,0.0,v_shape
iTNP,mONP,w-1-oxo,0,0.0,v_shape
iTNP,m8COP,w-COOH,0,0.0,v_shape
DUP,mUP,mono,1,0.151724338,v_shape
DUP,mHUP,w-1-OH,1,0.151724338,v_shape
DUP,mOUP,w-1-oxo,1,0.151724338,v_shape
DUP,mCDP,w-COOH,1,0.151724338,v_shape
DUP,mCPP,w-ab,1,0.151724338,v_shape
iDiTP,miDP,mono,0,0.0,v_shape
iDiTP,mHiDP,w-1-OH,0,0.0,v_shape
iDiTP,mCiNP,w-COOH,0,0.0,v_shape
iDiTP,mCPP,w-ab,0,0.0,v_shape
iDiTP,miTP,mono,0,0.0,v_shape
iDiTP,mHiTP,w-1-OH,0,0.0,v_shape
iDiTP,121CMP,w-COOH,0,0.0,v_shape
iDTP,miDP,mono,0,0.0,v_shape
iDTP,mHiDP,w-1-OH,0,0.0,v_shape
iDTP,mCiNP,w-COOH,0,0.0,v_shape
iDTP,mCPP,w-ab,0,0.0,v_shape
iDTP,mTP,mono,0,0.0,v_shape
iDTP,mHTP,w-1-OH,0,0.0,v_shape
iDTP,mOTP,w-1-oxo,0,0.0,v_shape
iDTP,122CMP,w-COOH,0,0.0,v_shape
DeiTP,mDP,mono,0,0.0,v_shape
DeiTP,m9PHHP,w-1-OH,0,0.0,v_shape
DeiTP,m9POHP,w-1-oxo,0,0.0,v_shape
DeiTP,mPHHP,mOH,0,0.0,v_shape
DeiTP,m1POHP,moxo,0,0.0,v_shape
DeiTP,mCNP,w-COOH,0,0.0,v_shape
DeiTP,mCPP,w-ab,0,0.0,v_shape
DeiTP,miTP,mono,0,0.0,v_shape
DeiTP,mHiTP,w-1-OH,0,0.0,v_shape
DeiTP,121CMP,w-COOH,0,0.0,v_shape
iTiUP,miTP,mono,0,0.0,v_shape
iTiUP,mHiTP,w-1-OH,0,0.0,v_shape
iTiUP,121CMP,w-COOH,0,0.0,v_shape
iTiUP,mCPP,w-ab,0,0.0,v_shape
iTiUP,miUP,mono,0,0.0,v_shape
iTiUP,mHiUP,w-1-OH,0,0.0,v_shape
iTiUP,109CMP,w-COOH,0,0.0,v_shape
iTUP,miTP,mono,0,0.0,v_shape
iTUP,mHiTP,w-1-OH,0,0.0,v_shape
iTUP,121CMP,w-COOH,0,0.0,v_shape
iTUP,mCPP,w-ab,0,0.0,v_shape
iTUP,mUP,mono,0,0.0,v_shape
iTUP,mHUP,w-1-OH,0,0.0,v_shape
iTUP,mOUP,w-1-oxo,0,0.0,v_shape
iTUP,mCDP,w-COOH,0,0.0,v_shape
DDdP,mDdP,mono,0,0.0,paternal
DDdP,mHDdP,w-1-OH,0,0.0,paternal
DDdP,mODdP,w-1-oxo,0,0.0,paternal
DDdP,120CMP,w-COOH,0,0.0,paternal
DDdP,mCPP,w-ab,0,0.0,v_shape
DiTP,miTP,mono,0,0.0,v_shape
DiTP,mHiTP,w-1-OH,0,0.0,v_shape
DiTP,121CMP,w-COOH,0,0.0,v_shape
DiTP,mCPP,w-ab,0,0.0,v_shape
DTP,mTP,mono,0,0.0,v_shape
DTP,mHTP,w-1-OH,0,0.0,v_shape
DTP,mOTP,w-1-oxo,0,0.0,v_shape
DTP,122CMP,w-COOH,0,0.0,v_shape
DTP,mCPP,w-ab,2,0.179036529,v_shape
DOcP,mOcP,mono,0,0.0,paternal
DOcP,mHOcP,w-1-OH,0,0.0,paternal
DOcP,mOOcP,w-1-oxo,0,0.0,paternal
DOcP,123CMP,w-COOH,0,0.0,paternal
DOcP,mCPP,w-ab,0,0.0,v_shape
