,Up,Down,Name,Number,CooccurrenceProbability
1,BDeGP,mDeGP,mono,0,0
2,BHEP,mHEP,mono,0,0
3,DMEP,mMEP,mono,11,0.137720232
4,MEEMP,mMP,mono,0,0
5,MEEMP,mMOEP,mono,0,0
6,DMP,mMP,mono,262,0.245637412
7,BEEEP,mBEEEP,mono,0,0
8,MeVP,mMP,mono,0,0
9,MeVP,mVP,mono,0,0
10,MeEP,mMP,mono,0,0
11,MeEP,mEP,mono,0,0
12,BDHPP,mBP,mono,0,0
13,BDHPP,mHBP,w-1-OH,0,0
14,BDHPP,m2HBP,mOH,0,0
15,BDHPP,mCPP,w-ab,0,0
16,BDHPP,mDHPP,mono,0,0
17,DEEP,mEEP,mono,0,0
18,DEEP,mDeGP,w-OH,0,0
19,DVP,mVP,mono,0,0
20,DEP,mEP,mono,591,0.37953843
21,EVP,mVP,mono,0,0
22,EVP,mEP,mono,0,0
23,BMOPP,mMOPP,mono,0,0
24,DiPrP,miPrP,mono,4,0.16775414
25,EiBP,mEP,mono,0,0
26,EiBP,miBP,mono,0,0
27,EiBP,m3HIBP,w-OH,0,0
28,EiBP,mHIBP,w-1-OH,0,0
29,DAlP,mAlP,mono,0,0
30,BMP,mMP,mono,0,0
31,BMP,mBP,mono,0,0
32,DtBP,mtBP,mono,0,0
33,BEP,mEP,mono,0,0
34,BEP,mBP,mono,0,0
35,DsBP,msBP,mono,0,0
36,DsBP,msHBP,mOH,0,0
37,DPrP,mPrP,mono,12,0.125425376
38,DiBP,miBP,mono,334,0.352029809
39,DCPP,mCOPP,mono,0,0
40,BBEEP,mBEEP,mono,0,0
41,MeEHP,mMP,mono,0,0
42,MeEHP,mEHP,mono,0,0
43,MeEHP,mEHHP,w-1-OH,0,0
44,MeEHP,mEOHP,w-1-oxo,0,0
45,MeEHP,mECPP,w-COOH,0,0
46,MeEHP,mCMHP,w-COOH-br,0,0
47,MeEHP,mCPP,w-ab,0,0
48,DBEP,mBEP,mono,0,0
49,DPhP,mPhP,mono,1,0.050986794
50,HMP,mMP,mono,0,0
51,HMP,mHP,mono,0,0
52,HMP,mHHP,w-1-OH,0,0
53,HMP,mOHP,w-1-oxo,0,0
54,HMP,m5CPP,w-COOH,0,0
55,HMP,mCPP,w-ab,0,0
56,DBP,mBP,mono,897,0.4199294
57,CiBP,mCHP,mono,0,0
58,CiBP,miBP,mono,0,0
59,BuEBP,mBEP,mono,0,0
60,BuEBP,mBP,mono,0,0
61,BsBP,mBP,mono,0,0
62,BsBP,msBP,mono,0,0
63,BsBP,msHBP,mOH,0,0
64,BiBP,mBP,mono,1,0.197122172
65,BiBP,miBP,mono,1,0.197122172
66,BBzP,mBzP,mono,463,0.355576814
67,BBzP,mBP,mono,547,0.418521737
68,DCHP,mCHP,mono,69,0.217908682
69,DBzP,mBzP,mono,252,0.395374731
70,BCHP,mBP,mono,0,0
71,BCHP,mCHP,mono,0,0
72,BEBP,mEBP,mono,0,0
73,BEBP,mHEBP,w-1-OH,0,0
74,BEBP,mOEBP,w-1-oxo,0,0
75,BEBP,mCEPP,w-COOH,0,0
76,BEBP,mCPP,w-ab,0,0
77,BMPP,mMPP,mono,0,0
78,BMPP,mHMPP,w-1-OH,0,0
79,BMPP,mOMPP,w-1-oxo,0,0
80,BMP,mHBP,w-1-OH,0,0
81,BMP,m2HBP,mOH,0,0
82,BMP,mCPP,w-ab,0,0
83,BEP,mHBP,w-1-OH,0,0
84,BEP,m2HBP,mOH,0,0
85,BEP,mCPP,w-ab,0,0
86,DiBP,m3HIBP,w-OH,0,0
87,DiBP,mHIBP,w-1-OH,1,0.012753192
88,DBP,mHBP,w-1-OH,14,0.011794434
89,DBP,m2HBP,mOH,3,0.00671008
90,DBP,mCPP,w-ab,221,0.107472733
91,CiBP,m3HIBP,w-OH,0,0
92,CiBP,mHIBP,w-1-OH,0,0
93,BuEBP,mHBP,w-1-OH,0,0
94,BuEBP,m2HBP,mOH,0,0
95,BuEBP,mCPP,w-ab,0,0
96,BsBP,mHBP,w-1-OH,0,0
97,BsBP,m2HBP,mOH,0,0
98,BsBP,mCPP,w-ab,0,0
99,BiBP,mHBP,w-1-OH,0,0
100,BiBP,m2HBP,mOH,0,0
101,BiBP,mCPP,w-ab,0,0
102,BiBP,m3HIBP,w-OH,0,0
103,BiBP,mHIBP,w-1-OH,0,0
104,BBzP,mHBP,w-1-OH,14,0.019121212
105,BBzP,m2HBP,mOH,3,0.010878425
106,BBzP,mCPP,w-ab,134,0.109042531
107,BCHP,mHBP,w-1-OH,0,0
108,BCHP,m2HBP,mOH,0,0
109,BCHP,mCPP,w-ab,0,0
110,BMPP,40CMP,w-COOH,0,0
111,BMPP,mCPP,w-ab,0,0
112,MeOP,mMP,mono,0,0
113,MeOP,mOP,mono,0,0
114,MeOP,mHOP,w-1-OH,0,0
115,MeOP,mOOP,w-1-oxo,0,0
116,MeOP,mCHpP,w-COOH,0,0
117,MeOP,mCPP,w-ab,0,0
118,DiPP,miPP,mono,3,0.140263361
119,DiPP,m3HPP,w-1-OH,1,0.12093969
120,DiPP,m4HPeP,w-OH,1,0.12093969
121,DiPP,42CMP,w-COOH,0,0
122,DiPP,mCPP,w-ab,3,0.140263361
123,BEHP,mBP,mono,0,0
124,BEHP,mHBP,w-1-OH,0,0
125,BEHP,m2HBP,mOH,0,0
126,BEHP,mEHP,mono,0,0
127,BEHP,mEHHP,w-1-OH,0,0
128,BEHP,mEOHP,w-1-oxo,0,0
129,BEHP,mECPP,w-COOH,0,0
130,BEHP,mCMHP,w-COOH-br,0,0
131,BEHP,mCPP,w-ab,0,0
132,BMePP,mMePP,mono,0,0
133,BMePP,mHMePP,w-1-OH,0,0
134,BMePP,mOMePP,w-1-oxo,0,0
135,BMePP,44CMP,w-COOH,0,0
136,BMePP,mCPP,w-ab,0,0
137,BEBuP,mEBuP,mono,0,0
138,BEBuP,mHEBuP,w-1-OH,0,0
139,BEBuP,mOEBuP,w-1-oxo,0,0
140,BEBuP,45CMP,w-COOH,0,0
141,BEBuP,mCPP,w-ab,0,0
142,BHP,mBP,mono,0,0
143,BHP,m2HBP,mOH,0,0
144,BHP,mHBP,w-1-OH,0,0
145,BHP,mHP,mono,0,0
146,BHP,mHHP,w-1-OH,0,0
147,BHP,mOHP,w-1-oxo,0,0
148,BHP,m5CPP,w-COOH,0,0
149,BHP,mCPP,w-ab,0,0
150,DPP,mPP,mono,41,0.137300021
151,DPP,m4HPP,w-1-OH,6,0.045796753
152,DPP,m4OPP,w-1-oxo,0,0
153,DPP,mCBP,w-COOH,1,0.032724857
154,DPP,mCPP,w-ab,26,0.098084334
155,DHeP,mHexP,mono,0,0
156,B2MePP,m2MePP,mono,0,0
157,B2MePP,mH2MePP,w-1-OH,0,0
158,B2MePP,mO2MePP,w-1-oxo,0,0
159,B2MePP,49CMP,w-COOH,0,0
160,B2MePP,mCPP,w-ab,0,0
161,DiHP,miHP,mono,0,0
162,DiHP,miHHP,w-1-OH,0,0
163,DiHP,50CMP,w-COOH,0,0
164,B3MePP,m3MePP,mono,0,0
165,B3MePP,mH3MePP,w-1-OH,0,0
166,B3MePP,mO3MePP,w-1-oxo,0,0
167,B3MePP,51CMP,w-COOH,0,0
168,B3MePP,mCPP,w-ab,0,0
169,HEHP,mHP,mono,0,0
170,HEHP,mHHP,w-1-OH,0,0
171,HEHP,mOHP,w-1-oxo,0,0
172,HEHP,m5CPP,w-COOH,0,0
173,HEHP,mCPP,w-ab,0,0
174,HEHP,mEHP,mono,0,0
175,HEHP,mEHHP,w-1-OH,0,0
176,HEHP,mEOHP,w-1-oxo,0,0
177,HEHP,mECPP,w-COOH,0,0
178,HEHP,mCMHP,w-COOH-br,0,0
179,BuMHP,mBP,mono,0,0
180,BuMHP,m2HBP,mOH,0,0
181,BuMHP,mHBP,w-1-OH,0,0
182,BuMHP,mMHP,mono,0,0
183,BuMHP,mHMHP,w-1-OH,0,0
184,BuMHP,mOMHP,w-1-oxo,0,0
185,BuMHP,66CMP,w-COOH,0,0
186,BuMHP,mCPP,w-ab,0,0
187,BPhPP,mPhPP,mono,0,0
188,BOP,mBP,mono,0,0
189,BOP,m2HBP,mOH,0,0
190,BOP,mHBP,w-1-OH,0,0
191,BOP,mOP,mono,0,0
192,BOP,mHOP,w-1-OH,0,0
193,BOP,mOOP,w-1-oxo,0,0
194,BOP,mCHpP,w-COOH,0,0
195,BOP,mCPP,w-ab,0,0
196,DHP,mHP,mono,18,0.104485869
197,DHP,mHHP,w-1-OH,0,0
198,DHP,mOHP,w-1-oxo,0,0
199,DHP,m5CPP,w-COOH,0,0
200,DHP,mCPP,w-ab,15,0.0938664
201,DEMPP,mEMPP,mono,0,0
202,DEMPP,mHEMPP,w-1-OH,0,0
203,DEMPP,mOEMPP,w-1-oxo,0,0
204,DEMPP,57CMP,w-COOH,0,0
205,DEMPP,mCPP,w-ab,0,0
206,BeOP,mBzP,mono,0,0
207,BeOP,mOP,mono,0,0
208,BeOP,mHOP,w-1-OH,0,0
209,BeOP,mOOP,w-1-oxo,0,0
210,BeOP,mCHpP,w-COOH,0,0
211,BeOP,mCPP,w-ab,0,0
212,CiOP,mCHP,mono,0,0
213,CiOP,miOP,mono,0,0
214,CiOP,mHiOP,w-1-OH,0,0
215,CiOP,71CMP,w-COOH,0,0
216,CiOP,mCPP,w-ab,0,0
217,BNP,mBP,mono,0,0
218,BNP,m2HBP,mOH,0,0
219,BNP,mHBP,w-1-OH,0,0
220,BNP,mNP,mono,0,0
221,BNP,mHNP,w-1-OH,0,0
222,BNP,mONP,w-1-oxo,0,0
223,BNP,m8COP,w-COOH,0,0
224,BNP,mCPP,w-ab,0,0
225,DiHpP,miHpP,mono,0,0
226,DiHpP,mHiHpP,w-1-OH,0,0
227,DiHpP,61CMP,w-COOH,0,0
228,DiHpP,mCPP,w-ab,9,0.157220367
229,DPrPP,mPrPP,mono,0,0
230,DPrPP,mHPrPP,w-1-OH,0,0
231,DPrPP,mOPrPP,w-1-oxo,0,0
232,DPrPP,62CMP,w-COOH,0,0
233,DPrPP,mCPP,w-ab,0,0
234,DEHP,mEHP,mono,1417,0.529767201
235,DEHP,mEHHP,w-1-OH,637,0.240503341
236,DEHP,mEOHP,w-1-oxo,666,0.251258023
237,DEHP,mECPP,w-COOH,490,0.185988228
238,DEHP,mCMHP,w-COOH-br,144,0.057673747
239,DEHP,mCPP,w-ab,261,0.101063326
240,BMNP,mBP,mono,0,0
241,BMNP,m2HBP,mOH,0,0
242,BMNP,mHBP,w-1-OH,0,0
243,BMNP,miDP,mono,0,0
244,BMNP,mHiDP,w-1-OH,0,0
245,BMNP,mCiNP,w-COOH,0,0
246,BMNP,mCPP,w-ab,0,0
247,HiOP,mHP,mono,0,0
248,HiOP,mHHP,w-1-OH,0,0
249,HiOP,mOHP,w-1-oxo,0,0
250,HiOP,m5CPP,w-COOH,0,0
251,HiOP,mCPP,w-ab,0,0
252,HiOP,miOP,mono,0,0
253,HiOP,mHiOP,w-1-OH,0,0
254,HiOP,71CMP,w-COOH,0,0
255,DHpP,mHpP,mono,9,0.157220367
256,BMHP,mMHP,mono,0,0
257,BMHP,mHMHP,w-1-OH,0,0
258,BMHP,mOMHP,w-1-oxo,0,0
259,BMHP,66CMP,w-COOH,0,0
260,BMHP,mCPP,w-ab,0,0
261,MNPMP,miDP,mono,0,0
262,MNPMP,mHiDP,w-1-OH,0,0
263,MNPMP,mCiNP,w-COOH,0,0
264,MNPMP,mCPP,w-ab,0,0
265,MNPMP,mBzP,mono,0,0
266,BDP,mBP,mono,0,0
267,BDP,m2HBP,mOH,0,0
268,BDP,mHBP,w-1-OH,0,0
269,BDP,mDP,mono,0,0
270,BDP,m9PHHP,w-1-OH,0,0
271,BDP,mPHHP,mOH,0,0
272,BDP,m1POHP,moxo,0,0
273,BDP,mCNP,w-COOH,0,0
274,BDP,mCPP,w-ab,0,0
275,BDP,m9POHP,w-1-oxo,0,0
276,NPP,mNP,mono,0,0
277,NPP,mHNP,w-1-OH,0,0
278,NPP,mONP,w-1-oxo,0,0
279,NPP,m8COP,w-COOH,0,0
280,NPP,mCPP,w-ab,0,0
281,NPP,mPP,mono,0,0
282,NPP,m4HPP,w-1-OH,0,0
283,NPP,m4OPP,w-1-oxo,0,0
284,NPP,mCBP,w-COOH,0,0
285,DHpP,mHHpP,w-1-OH,0,0
286,DHpP,mOHpP,w-1-oxo,0,0
287,DHpP,mCHxP,w-COOH,0,0
288,DHpP,mCPP,w-ab,8,0.149557532
289,DiOP,miOP,mono,0,0
290,DiOP,mHiOP,w-1-OH,0,0
291,DiOP,71CMP,w-COOH,0,0
292,DiOP,mCPP,w-ab,5,0.16114398
293,EHiDP,mEHP,mono,0,0
294,EHiDP,mEHHP,w-1-OH,0,0
295,EHiDP,mEOHP,w-1-oxo,0,0
296,EHiDP,mECPP,w-COOH,0,0
297,EHiDP,mCMHP,w-COOH-br,0,0
298,EHiDP,mCPP,w-ab,0,0
299,EHiDP,mHiDP,w-1-OH,0,0
300,EHiDP,miDP,mono,0,0
301,EHiDP,mCiNP,w-COOH,0,0
302,HiDP,mHP,mono,0,0
303,HiDP,mHHP,w-1-OH,0,0
304,HiDP,mOHP,w-1-oxo,0,0
305,HiDP,m5CPP,w-COOH,0,0
306,HiDP,mCPP,w-ab,0,0
307,HiDP,miDP,mono,0,0
308,HiDP,mHiDP,w-1-OH,0,0
309,HiDP,mCiNP,w-COOH,0,0
310,iNiOP,miNP,mono,0,0
311,iNiOP,mHiNP,w-1-OH,0,0
312,DPrHP,mHPrHP,w-1-OH,5,0.138219731
313,iNiOP,mCiOP,w-COOH,0,0
314,iNiOP,mCPP,w-ab,0,0
315,iNiOP,miOP,mono,0,0
316,iNiOP,mHiOP,w-1-OH,0,0
317,iNiOP,71CMP,w-COOH,0,0
318,HNP,mHpP,mono,0,0
319,HNP,mHHpP,w-1-OH,0,0
320,HNP,mOHpP,w-1-oxo,0,0
321,HNP,mCHxP,w-COOH,0,0
322,HNP,mCPP,w-ab,0,0
323,HNP,mNP,mono,0,0
324,HNP,mHNP,w-1-OH,0,0
325,HNP,mONP,w-1-oxo,0,0
326,HNP,m8COP,w-COOH,0,0
327,DOP,mOP,mono,144,0.172893005
328,DOP,mHOP,w-1-OH,0,0
329,DOP,mOOP,w-1-oxo,0,0
330,DOP,mCHpP,w-COOH,5,0.01836271
331,DOP,mCPP,w-ab,135,0.162887446
332,HDP,mHP,mono,0,0
333,HDP,mHHP,w-1-OH,0,0
334,HDP,mOHP,w-1-oxo,0,0
335,HDP,m5CPP,w-COOH,0,0
336,HDP,mCPP,w-ab,0,0
337,HDP,mDP,mono,0,0
338,HDP,m9PHHP,w-1-OH,0,0
339,HDP,m9POHP,w-1-oxo,0,0
340,HDP,mPHHP,mOH,0,0
341,HDP,m1POHP,moxo,0,0
342,HDP,mCNP,w-COOH,0,0
343,BCHPP,mCHxPP,mono,0,0
344,iONP,miOP,mono,0,0
345,iONP,mHiOP,w-1-OH,0,0
346,iONP,71CMP,w-COOH,0,0
347,iONP,mCPP,w-ab,0,0
348,iONP,mNP,mono,0,0
349,iONP,mHNP,w-1-OH,0,0
350,iONP,mONP,w-1-oxo,0,0
351,iONP,m8COP,w-COOH,0,0
352,iDiOP,miDP,mono,0,0
353,iDiOP,mHiDP,w-1-OH,0,0
354,iDiOP,mCiNP,w-COOH,0,0
355,iDiOP,mCPP,w-ab,0,0
356,iDiOP,miOP,mono,0,0
357,iDiOP,mHiOP,w-1-OH,0,0
358,iDiOP,71CMP,w-COOH,0,0
359,BMOP,mMOP,mono,0,0
360,BMOP,mHMOP,w-1-OH,0,0
361,BMOP,mOMOP,w-1-oxo,0,0
362,BMOP,81CMP,w-COOH,0,0
363,BMOP,mCPP,w-ab,0,0
364,B4MOP,m4MOP,mono,0,0
365,B4MOP,mH4MOP,w-1-OH,0,0
366,B4MOP,mO4MOP,w-1-oxo,0,0
367,B4MOP,mCMEHP,w-COOH,0,0
368,B4MOP,mCPP,w-ab,0,0
369,DiNP,miNP,mono,265,0.245683925
370,DiNP,mHiNP,mOH,55,0.059100185
371,DPrHP,mPrHP,mono,39,0.42273856
372,DiNP,mCiOP,w-COOH,52,0.056434703
373,DiNP,mCPP,w-ab,148,0.141730127
374,DPrHP,mPOHP,w-1-oxo,7,0.154956133
375,DPrHP,mPCHP,w-COOH,3,0.12148333
376,DPrHP,mCPP,w-ab,22,0.280479146
377,iDOP,miDP,mono,0,0
378,iDOP,mHiDP,w-1-OH,0,0
379,iDOP,mCiNP,w-COOH,0,0
380,iDOP,mCPP,w-ab,0,0
381,iDOP,mOP,mono,0,0
382,iDOP,mHOP,w-1-OH,0,0
383,iDOP,mOOP,w-1-oxo,0,0
384,iDOP,mCHpP,w-COOH,0,0
385,DeiOP,mDP,mono,0,0
386,DeiOP,m9PHHP,w-1-OH,0,0
387,DeiOP,m9POHP,w-1-oxo,0,0
388,DeiOP,mPHHP,mOH,0,0
389,DeiOP,m1POHP,moxo,0,0
390,DeiOP,mCNP,w-COOH,0,0
391,DeiOP,mCPP,w-ab,0,0
392,DeiOP,miOP,mono,0,0
393,DeiOP,mHiOP,w-1-OH,0,0
394,DeiOP,71CMP,w-COOH,0,0
395,iNNP,miNP,mono,0,0
396,iNNP,mHiNP,w-1-OH,0,0
397,iNNP,mCiOP,w-COOH,0,0
398,iNNP,mCPP,w-ab,0,0
399,iNNP,mNP,mono,0,0
400,iNNP,mHNP,w-1-OH,0,0
401,iNNP,mONP,w-1-oxo,0,0
402,iNNP,m8COP,w-COOH,0,0
403,ODP,mOP,mono,0,0
404,ODP,mHOP,w-1-OH,0,0
405,ODP,mOOP,w-1-oxo,0,0
406,ODP,mCHpP,w-COOH,0,0
407,ODP,mCPP,w-ab,0,0
408,ODP,mDP,mono,0,0
409,ODP,m9PHHP,w-1-OH,0,0
410,ODP,m9POHP,w-1-oxo,0,0
411,ODP,mPHHP,mOH,0,0
412,ODP,m1POHP,moxo,0,0
413,ODP,mCNP,w-COOH,0,0
414,HUP,mHpP,mono,0,0
415,HUP,mHHpP,w-1-OH,0,0
416,HUP,mOHpP,w-1-oxo,0,0
417,HUP,mCHxP,w-COOH,0,0
418,HUP,mCPP,w-ab,0,0
419,HUP,mUP,mono,0,0
420,HUP,mHUP,w-1-OH,0,0
421,HUP,mOUP,w-1-oxo,0,0
422,HUP,mCDP,w-COOH,0,0
423,DNP,mNP,mono,3,0.072405276
424,DNP,mHNP,w-1-OH,0,0
425,DNP,mONP,w-1-oxo,0,0
426,DNP,m8COP,w-COOH,0,0
427,DNP,mCPP,w-ab,13,0.122280588
428,iDiNP,miDP,mono,0,0
429,iDiNP,mHiDP,w-1-OH,0,0
430,iDiNP,mCiNP,w-COOH,0,0
431,iDiNP,mCPP,w-ab,0,0
432,iDiNP,miNP,mono,0,0
433,iDiNP,mHiNP,w-1-OH,0,0
434,iDiNP,mCiOP,w-COOH,0,0
435,iOiUP,miOP,mono,0,0
436,iOiUP,mHiOP,w-1-OH,0,0
437,iOiUP,71CMP,w-COOH,0,0
438,iOiUP,mCPP,w-ab,0,0
439,iOiUP,miUP,mono,0,0
440,iOiUP,mHiUP,w-1-OH,0,0
441,iOiUP,109CMP,w-COOH,0,0
442,DDcP,mDcP,mono,0,0
443,iOUP,miOP,mono,0,0
444,iOUP,mHiOP,w-1-OH,0,0
445,iOUP,71CMP,w-COOH,0,0
446,iOUP,mUP,mono,0,0
447,iOUP,mHUP,w-1-OH,0,0
448,iOUP,mOUP,w-1-oxo,0,0
449,iOUP,mCDP,w-COOH,0,0
450,iOUP,mCPP,w-ab,0,0
451,DeiNP,mDP,mono,0,0
452,DeiNP,m9PHHP,w-1-OH,0,0
453,DeiNP,m9POHP,w-1-oxo,0,0
454,DeiNP,mPHHP,mOH,0,0
455,DeiNP,m1POHP,moxo,0,0
456,DeiNP,mCNP,w-COOH,0,0
457,DeiNP,mCPP,w-ab,0,0
458,DeiNP,miUP,mono,0,0
459,DeiNP,mHiUP,w-1-OH,0,0
460,DeiNP,109CMP,w-COOH,0,0
461,HiTP,mHP,mono,0,0
462,HiTP,mHHP,w-1-OH,0,0
463,HiTP,mOHP,w-1-oxo,0,0
464,HiTP,m5CPP,w-COOH,0,0
465,HiTP,mCPP,w-ab,0,0
466,HiTP,miTP,mono,0,0
467,HiTP,mHiTP,w-1-OH,0,0
468,HiTP,121CMP,w-COOH,0,0
469,iDNP,miDP,mono,0,0
470,iDNP,mHiDP,w-1-OH,0,0
471,iDNP,mCiNP,w-COOH,0,0
472,iDNP,mCPP,w-ab,0,0
473,iDNP,mNP,mono,0,0
474,iDNP,mHNP,w-1-OH,0,0
475,iDNP,mONP,w-1-oxo,0,0
476,iDNP,m8COP,w-COOH,0,0
477,iNiUP,miNP,mono,0,0
478,iNiUP,mHiNP,w-1-OH,0,0
479,iNiUP,mCiOP,w-COOH,0,0
480,iNiUP,mCPP,w-ab,0,0
481,iNiUP,miUP,mono,0,0
482,iNiUP,mHiUP,w-1-OH,0,0
483,iNiUP,109CMP,w-COOH,0,0
484,DiDP,miDP,mono,59,0.126036207
485,DiDP,mHiDP,w-1-OH,0,0
486,DiDP,mCiNP,w-COOH,0,0
487,DiDP,mCPP,w-ab,86,0.17429358
488,DeNP,mDP,mono,0,0
489,DeNP,m9PHHP,w-1-OH,0,0
490,DeNP,m9POHP,w-1-oxo,0,0
491,DeNP,mPHHP,mOH,0,0
492,DeNP,m1POHP,moxo,0,0
493,DeNP,mCNP,w-COOH,0,0
494,DeNP,mCPP,w-ab,0,0
495,DeNP,mNP,mono,0,0
496,DeNP,mHNP,w-1-OH,0,0
497,DeNP,mONP,w-1-oxo,0,0
498,DeNP,m8COP,w-COOH,0,0
499,iNUP,miNP,mono,0,0
500,iNUP,mHiNP,w-1-OH,0,0
501,iNUP,mCiOP,w-COOH,0,0
502,iNUP,mCPP,w-ab,0,0
503,iNUP,mUP,mono,0,0
504,iNUP,mHUP,w-1-OH,0,0
505,iNUP,mOUP,w-1-oxo,0,0
506,iNUP,mCDP,w-COOH,0,0
507,iUNP,miUP,mono,0,0
508,iUNP,mHiUP,w-1-OH,0,0
509,iUNP,109CMP,w-COOH,0,0
510,iUNP,mCPP,w-ab,0,0
511,iUNP,mNP,mono,0,0
512,iUNP,mHNP,w-1-OH,0,0
513,iUNP,mONP,w-1-oxo,0,0
514,iUNP,m8COP,w-COOH,0,0
515,NUP,mNP,mono,0,0
516,NUP,mHNP,w-1-OH,0,0
517,NUP,mONP,w-1-oxo,0,0
518,NUP,m8COP,w-COOH,0,0
519,NUP,mCPP,w-ab,0,0
520,NUP,mUP,mono,0,0
521,NUP,mHUP,w-1-OH,0,0
522,NUP,mOUP,w-1-oxo,0,0
523,NUP,mCDP,w-COOH,0,0
524,DDP,mDP,mono,0,0
525,DDP,m9PHHP,w-1-OH,0,0
526,DDP,m9POHP,w-1-oxo,0,0
527,DDP,mPHHP,mOH,0,0
528,DDP,m1POHP,moxo,0,0
529,DDP,mCNP,w-COOH,0,0
530,DDP,mCPP,w-ab,4,0.154400576
531,DeiUP,mDP,mono,0,0
532,DeiUP,m9PHHP,w-1-OH,0,0
533,DeiUP,m9POHP,w-1-oxo,0,0
534,DeiUP,mPHHP,mOH,0,0
535,DeiUP,m1POHP,moxo,0,0
536,DeiUP,mCNP,w-COOH,0,0
537,DeiUP,mCPP,w-ab,0,0
538,DeiUP,miUP,mono,0,0
539,DeiUP,mHiUP,w-1-OH,0,0
540,DeiUP,109CMP,w-COOH,0,0
541,iDUP,miDP,mono,0,0
542,iDUP,mHiDP,w-1-OH,0,0
543,iDUP,mCiNP,w-COOH,0,0
544,iDUP,mCPP,w-ab,0,0
545,iDUP,mUP,mono,0,0
546,iDUP,mHUP,w-1-OH,0,0
547,iDUP,mOUP,w-1-oxo,0,0
548,iDUP,mCDP,w-COOH,0,0
549,NTP,mNP,mono,0,0
550,NTP,mHNP,w-1-OH,0,0
551,NTP,mONP,w-1-oxo,0,0
552,NTP,m8COP,w-COOH,0,0
553,NTP,mCPP,w-ab,0,0
554,NTP,mTDP,mono,0,0
555,NTP,mHTDP,w-1-OH,0,0
556,NTP,mOTDP,w-1-oxo,0,0
557,NTP,107CMP,w-COOH,0,0
558,iNiTP,miNP,mono,0,0
559,iNiTP,mHiNP,w-1-OH,0,0
560,iNiTP,mCiOP,w-COOH,0,0
561,iNiTP,mCPP,w-ab,0,0
562,iNiTP,miTP,mono,0,0
563,iNiTP,mHiTP,w-1-OH,0,0
564,iNiTP,121CMP,w-COOH,0,0
565,DiUP,miUP,mono,0,0
566,DiUP,mHiUP,w-1-OH,0,0
567,DiUP,109CMP,w-COOH,0,0
568,DiUP,mCPP,w-ab,1,0.188229442
569,DeUP,mDP,mono,0,0
570,DeUP,m9PHHP,w-1-OH,0,0
571,DeUP,m9POHP,w-1-oxo,0,0
572,DeUP,mPHHP,mOH,0,0
573,DeUP,m1POHP,moxo,0,0
574,DeUP,mCNP,w-COOH,0,0
575,DeUP,mCPP,w-ab,0,0
576,DeUP,mUP,mono,0,0
577,DeUP,mHUP,w-1-OH,0,0
578,DeUP,mOUP,w-1-oxo,0,0
579,DeUP,mCDP,w-COOH,0,0
580,BTNP,mTNP,mono,0,0
581,BTNP,mHTNP,w-1-OH,0,0
582,BTNP,111CMP,w-COOH,0,0
583,BTNP,mCPP,w-ab,0,0
584,iUUP,miUP,mono,0,0
585,iUUP,mHiUP,w-1-OH,0,0
586,iUUP,109CMP,w-COOH,0,0
587,iUUP,mCPP,w-ab,0,0
588,iUUP,mUP,mono,0,0
589,iUUP,mHUP,w-1-OH,0,0
590,iUUP,mOUP,w-1-oxo,0,0
591,iUUP,mCDP,w-ab,0,0
592,iTNP,miTP,mono,0,0
593,iTNP,mHiTP,w-1-OH,0,0
594,iTNP,121CMP,w-COOH,0,0
595,iTNP,mCPP,w-ab,0,0
596,iTNP,mNP,mono,0,0
597,iTNP,mHNP,w-1-OH,0,0
598,iTNP,mONP,w-1-oxo,0,0
599,iTNP,m8COP,w-COOH,0,0
600,DUP,mUP,mono,1,0.151724338
601,DUP,mHUP,w-1-OH,1,0.151724338
602,DUP,mOUP,w-1-oxo,1,0.151724338
603,DUP,mCDP,w-COOH,1,0.151724338
604,DUP,mCPP,w-ab,1,0.151724338
605,iDiTP,miDP,mono,0,0
606,iDiTP,mHiDP,w-1-OH,0,0
607,iDiTP,mCiNP,w-COOH,0,0
608,iDiTP,mCPP,w-ab,0,0
609,iDiTP,miTP,mono,0,0
610,iDiTP,mHiTP,w-1-OH,0,0
611,iDiTP,121CMP,w-COOH,0,0
612,iDTP,miDP,mono,0,0
613,iDTP,mHiDP,w-1-OH,0,0
614,iDTP,mCiNP,w-COOH,0,0
615,iDTP,mCPP,w-ab,0,0
616,iDTP,mTP,mono,0,0
617,iDTP,mHTP,w-1-OH,0,0
618,iDTP,mOTP,w-1-oxo,0,0
619,iDTP,122CMP,w-COOH,0,0
620,DeiTP,mDP,mono,0,0
621,DeiTP,m9PHHP,w-1-OH,0,0
622,DeiTP,m9POHP,w-1-oxo,0,0
623,DeiTP,mPHHP,mOH,0,0
624,DeiTP,m1POHP,moxo,0,0
625,DeiTP,mCNP,w-COOH,0,0
626,DeiTP,mCPP,w-ab,0,0
627,DeiTP,miTP,mono,0,0
628,DeiTP,mHiTP,w-1-OH,0,0
629,DeiTP,121CMP,w-COOH,0,0
630,iTiUP,miTP,mono,0,0
631,iTiUP,mHiTP,w-1-OH,0,0
632,iTiUP,121CMP,w-COOH,0,0
633,iTiUP,mCPP,w-ab,0,0
634,iTiUP,miUP,mono,0,0
635,iTiUP,mHiUP,w-1-OH,0,0
636,iTiUP,109CMP,w-COOH,0,0
637,iTUP,miTP,mono,0,0
638,iTUP,mHiTP,w-1-OH,0,0
639,iTUP,121CMP,w-COOH,0,0
640,iTUP,mCPP,w-ab,0,0
641,iTUP,mUP,mono,0,0
642,iTUP,mHUP,w-1-OH,0,0
643,iTUP,mOUP,w-1-oxo,0,0
644,iTUP,mCDP,w-COOH,0,0
645,DDdP,mDdP,mono,0,0
646,DDdP,mHDdP,w-1-OH,0,0
647,DDdP,mODdP,w-1-oxo,0,0
648,DDdP,120CMP,w-COOH,0,0
649,DDdP,mCPP,w-ab,0,0
650,DiTP,miTP,mono,0,0
651,DiTP,mHiTP,w-1-OH,0,0
652,DiTP,121CMP,w-COOH,0,0
653,DiTP,mCPP,w-ab,0,0
654,DTP,mTP,mono,0,0
655,DTP,mHTP,w-1-OH,0,0
656,DTP,mOTP,w-1-oxo,0,0
657,DTP,122CMP,w-COOH,0,0
658,DTP,mCPP,w-ab,2,0.179036529
659,DOcP,mOcP,mono,0,0
660,DOcP,mHOcP,w-1-OH,0,0
661,DOcP,mOOcP,w-1-oxo,0,0
662,DOcP,123CMP,w-COOH,0,0
663,DOcP,mCPP,w-ab,0,0
